id,group
4096,4096
1,1
6459,1
2,2
2186,2
2555,2
3491,2
6022,2
3,3
4,4
393,4
1751,4
1752,4
3578,4
5,5
600,5
3826,5
5590,5
6,6
346,6
4466,6
6360,6
7,7
1173,7
1904,7
8,8
4276,8
9,9
320,9
1012,9
5857,9
5886,9
10,10
11,11
17,11
117,11
473,11
479,11
506,11
534,11
660,11
732,11
1479,11
1585,11
1596,11
1605,11
1614,11
1636,11
1819,11
1872,11
2070,11
2185,11
2507,11
2554,11
2615,11
2660,11
2724,11
2730,11
3413,11
3596,11
3752,11
3891,11
4001,11
4319,11
4548,11
4979,11
5447,11
5488,11
5517,11
5743,11
5877,11
5988,11
6085,11
6352,11
6375,11
12,12
878,12
3505,12
13,13
14,13
1778,13
1999,13
6455,13
6460,13
6461,13
6463,13
6464,13
6467,13
6469,13
6471,13
6472,13
6473,13
6474,13
6475,13
6478,13
15,15
778,15
3941,15
4872,15
16,16
5795,16
18,18
1683,18
1695,18
4040,18
19,19
28,19
3398,19
4053,19
4508,19
4758,19
5829,19
6220,19
6452,19
20,20
41,20
2418,20
5944,20
21,21
43,21
67,21
259,21
936,21
2419,21
2489,21
2975,21
4149,21
5104,21
5945,21
22,22
23,23
2392,23
2428,23
2823,23
24,24
3235,24
25,25
2315,25
26,26
27,26
4123,4123
4977,4123
29,29
30,29
2177,29
2691,29
3242,29
4097,4097
31,31
891,31
1276,31
1355,31
1650,31
2104,31
2105,31
3183,31
4672,31
5285,31
5333,31
6342,31
32,32
1135,32
1220,32
1505,32
1607,32
4004,32
4326,32
33,33
34,34
35,35
3382,35
4207,35
5806,35
36,36
2984,36
3644,36
4003,36
5900,36
6086,36
37,37
3902,37
38,38
638,38
1896,38
2011,38
39,39
456,39
596,39
1057,39
1059,39
1068,39
1280,39
2319,39
2770,39
3391,39
4116,39
4354,39
4961,39
5068,39
6115,39
40,40
2323,40
3659,40
3772,40
3787,40
3788,40
5866,5866
42,42
4139,4139
44,44
45,45
1041,45
4485,45
5961,45
46,46
47,47
48,47
3667,47
3668,47
3753,47
3854,47
4144,4144
49,49
2170,49
2556,49
3082,49
4808,49
5930,49
50,50
4720,50
6388,50
51,51
946,51
5242,51
5902,51
52,52
53,53
5987,53
6417,53
54,54
3458,54
4798,54
55,55
379,55
56,56
1007,56
1074,56
2214,56
4294,56
4620,56
57,57
4651,57
58,58
1018,58
1281,58
1331,58
1962,58
2119,58
2508,58
2614,58
2723,58
2778,58
2810,58
2896,58
3388,58
4229,58
4621,58
5707,58
6393,58
6451,58
59,59
60,60
3577,60
61,61
62,62
2939,62
63,63
3776,63
5926,63
64,64
268,64
647,64
898,64
1886,64
2144,64
2213,64
2335,64
4698,64
4701,64
4716,64
5050,64
5112,64
5232,64
65,65
953,65
1806,65
3155,65
3904,65
5366,65
5782,65
66,66
208,66
1330,66
5565,5565
68,68
811,68
1844,68
4169,68
69,69
70,70
2442,70
3873,70
4068,70
6204,70
6205,70
71,71
1245,71
6264,71
72,72
73,73
703,73
810,73
5906,73
74,74
796,74
1373,74
75,75
374,75
376,75
1507,75
3417,75
4120,75
5142,75
6232,75
76,76
1729,76
2574,76
77,77
78,78
3144,78
79,79
80,80
1426,80
6122,80
81,81
344,81
450,81
782,81
1687,81
3039,81
4836,81
4911,81
82,82
83,82
2410,82
3471,82
3472,82
4179,4179
84,84
5133,84
85,85
4634,85
86,86
1237,86
2197,86
2360,86
2591,86
2776,86
3069,86
3072,86
6382,86
87,87
5236,87
88,88
4060,88
89,89
659,89
661,89
1198,89
1865,89
1948,89
2256,89
2674,89
3111,89
3129,89
3449,89
3681,89
3682,89
3932,89
4288,89
4452,89
5139,89
5630,89
6350,89
90,90
91,91
1211,91
1989,91
3091,91
3750,91
92,92
93,93
1484,93
2572,93
4388,93
4841,93
6038,93
6416,93
94,94
1345,94
5268,94
6434,94
95,95
1371,95
3438,95
3699,95
4138,95
5424,95
5577,95
96,96
427,96
1446,96
1621,96
2840,96
5045,96
5445,96
97,97
2636,97
3215,97
3906,97
4590,97
5385,97
98,98
99,99
183,99
592,99
1116,99
1425,99
2389,99
4204,99
5017,99
5615,99
100,100
3116,100
5432,100
6187,100
101,101
1633,101
4832,101
102,102
2694,102
2695,102
2696,102
5898,102
103,103
535,103
5145,103
6017,103
104,104
699,104
4178,104
105,105
4140,105
106,106
171,106
191,106
871,106
1581,106
1599,106
1975,106
2169,106
2406,106
2592,106
2632,106
3081,106
3513,106
3759,106
3955,106
4010,106
4321,106
4434,106
4606,106
5024,106
5711,106
5814,106
6228,106
107,107
126,107
349,107
685,107
1755,107
2092,107
3300,107
108,108
247,108
528,108
536,108
651,108
794,108
1092,108
1097,108
1172,108
1194,108
1403,108
1845,108
3705,108
4404,108
4545,108
4712,108
5096,108
109,109
110,110
435,110
570,110
591,110
2801,110
3241,110
3290,110
4671,110
6424,110
111,111
112,112
113,113
614,113
4248,113
114,114
382,114
1091,114
1565,114
2137,114
3076,114
4277,114
5207,114
5929,114
6425,114
115,115
798,115
1444,115
1971,115
3180,115
4057,115
4430,115
5094,115
6134,115
116,116
359,116
4213,4213
118,118
127,118
2321,118
2343,118
2780,118
3283,118
3593,118
3987,118
4122,118
4320,118
119,119
618,119
120,120
121,121
124,121
125,121
2048,121
2890,121
3975,121
4803,121
122,122
1047,122
1434,122
123,123
277,123
929,123
1472,123
5059,123
5326,123
6194,123
4220,4220
6411,6411
128,128
2649,128
3437,128
129,129
689,129
3114,129
3896,129
130,130
1804,130
1831,130
3492,130
4609,130
4857,130
5509,130
5847,130
131,131
1573,131
132,132
133,133
403,133
1289,133
2603,133
3495,133
134,134
404,134
1128,134
1290,134
3951,134
4241,134
4367,134
5003,134
5468,134
6307,134
135,135
5442,135
136,136
504,136
530,136
4845,136
137,137
637,137
1966,137
1967,137
5746,137
138,138
864,138
1131,138
1293,138
1486,138
2451,138
2552,138
2562,138
2651,138
3498,138
3758,138
4000,138
4127,138
4443,138
4727,138
4863,138
4899,138
5048,138
5470,138
5487,138
5720,138
5739,138
6050,138
6051,138
6068,138
6310,138
139,139
140,140
141,141
1750,141
142,142
493,142
2758,142
2759,142
2798,142
4310,142
143,143
345,143
5151,143
5453,143
5578,143
144,144
498,144
145,145
1055,145
146,146
147,147
168,147
409,147
1758,147
5636,147
148,148
149,149
150,150
157,150
893,150
151,151
666,151
1052,151
1191,151
1422,151
1441,151
1794,151
2067,151
2084,151
2744,151
3408,151
3925,151
4372,151
4496,151
5913,151
5976,151
6027,151
6075,151
152,152
153,153
154,154
859,154
2399,154
2664,154
4454,154
4898,154
6066,154
6148,154
6313,154
155,155
3100,155
156,156
1437,156
1547,156
1731,156
2573,156
2797,156
3061,156
4558,156
4823,156
4984,156
5645,156
158,158
619,158
632,158
967,158
1039,158
1850,158
1853,158
2081,158
2340,158
2923,158
3052,158
3652,158
3907,158
4015,158
4684,158
4801,158
4871,158
4904,158
5756,158
6168,158
6366,158
159,159
3009,159
3199,159
5596,159
160,160
628,160
873,160
2150,160
161,161
162,162
163,163
412,163
3463,163
164,164
184,164
909,164
1080,164
3084,164
3429,164
3435,164
4616,164
5709,164
165,165
1151,165
1725,165
1785,165
1875,165
3614,165
3615,165
4561,165
5421,165
5798,165
166,166
802,166
1263,166
1936,166
2857,166
4303,166
5316,166
167,167
2324,167
4264,4264
169,169
495,169
942,169
1993,169
170,170
496,170
943,170
172,172
831,172
173,173
1816,173
4214,173
4370,173
6128,173
174,174
519,174
1419,174
4467,174
4601,174
5343,174
5916,174
175,175
4373,175
176,176
240,176
1530,176
1570,176
3088,176
5009,176
5658,176
177,177
178,178
179,179
180,180
181,180
206,180
846,180
857,180
2102,180
3151,180
3176,180
4267,180
4811,180
4921,180
4922,180
5575,180
5652,180
6060,180
182,182
207,182
847,182
858,182
3152,182
3178,182
4268,182
4812,182
5653,182
6061,182
185,185
186,186
3353,186
4826,186
187,187
2152,187
3755,187
3930,187
4071,187
4915,187
5258,187
6096,187
188,188
189,189
992,189
3696,189
190,190
267,190
1298,190
1691,190
2012,190
2140,190
3452,190
4301,190
4410,190
4743,190
4854,190
5640,190
4287,4287
192,192
924,192
1519,192
2703,192
2973,192
3879,192
3912,192
5367,192
6333,192
193,193
1779,193
1909,193
2240,193
5434,193
194,194
3567,194
4026,194
4300,194
4633,194
6234,194
195,195
599,195
2358,195
3397,195
4357,195
4694,195
4884,195
4931,195
6031,195
196,196
1749,196
4635,196
5273,196
197,197
260,197
2448,197
2452,197
3350,197
6432,197
198,198
4696,198
4697,198
199,199
1001,199
1481,199
1619,199
2630,199
3047,199
3246,199
4166,199
4426,199
5478,199
6014,199
6345,199
6446,199
200,200
201,201
5827,201
202,202
702,202
4406,202
4887,202
4953,202
5848,202
5963,202
203,203
1814,203
4222,203
204,204
998,204
1478,204
3754,204
6000,204
205,205
209,209
845,209
1391,209
3121,209
5570,209
5787,209
210,210
389,210
2160,210
2210,210
2393,210
2966,210
3133,210
5091,210
5404,210
211,211
212,212
213,213
352,213
4986,213
214,214
2739,214
4627,214
215,215
1338,215
216,216
217,217
218,218
1083,218
4725,218
219,219
828,219
1342,219
2805,219
4142,219
4873,219
5229,219
5572,219
5646,219
220,220
1931,220
3404,220
4200,220
4987,220
4988,220
4989,220
4990,220
221,221
302,221
1797,221
2027,221
3603,221
3604,221
4058,221
4858,221
5364,221
222,222
1252,222
2116,222
4305,222
4756,222
4828,222
5098,222
223,223
224,224
225,225
640,225
1072,225
1180,225
1916,225
5052,225
5079,225
5369,225
226,226
227,227
1443,227
3310,227
228,228
229,229
230,230
231,231
310,231
792,231
3741,231
4022,231
5129,231
232,232
350,232
885,232
1043,232
1094,232
1528,232
1757,232
2302,232
2631,232
2656,232
4242,232
4885,232
5255,232
5700,232
6439,232
233,233
1520,233
2447,233
234,234
2616,234
235,235
294,235
384,235
2938,235
3709,235
236,236
237,237
501,237
1459,237
238,238
4560,238
4562,238
239,239
555,239
4013,239
4298,239
241,241
242,241
243,241
1800,241
2500,241
3288,241
3966,241
4084,241
4095,241
4339,4339
4693,4339
5183,4339
5909,4339
244,244
3222,244
245,245
365,245
630,245
246,246
4343,4343
4573,4343
5074,4343
248,248
383,248
2682,248
2846,248
4107,248
4387,248
5231,248
6054,248
249,249
1723,249
4788,249
250,250
5022,250
6111,250
6245,250
251,251
1139,251
1676,251
1719,251
1821,251
2142,251
2493,251
2584,251
2625,251
3358,251
3439,251
3620,251
3655,251
3961,251
4074,251
4346,251
4440,251
5214,251
5386,251
5663,251
5664,251
5792,251
6146,251
252,252
1852,252
2585,252
2707,252
2740,252
3605,252
3920,252
6049,252
253,253
254,254
995,254
2065,254
2710,254
4785,254
5845,254
255,255
1510,255
1716,255
6036,255
256,256
257,257
258,257
1027,257
1184,257
2103,257
2626,257
3537,257
4340,257
4752,257
261,261
740,261
1016,261
5464,261
262,262
3678,262
263,263
264,264
265,265
266,266
433,266
2904,266
6136,266
6199,266
4364,4364
269,269
270,270
3146,270
3971,270
6274,270
271,271
272,272
4106,272
273,273
1498,273
2465,273
3214,273
3919,273
5113,273
6241,273
6269,273
6286,273
274,274
672,274
2159,274
2273,274
2544,274
3428,274
3989,274
4171,274
4210,274
4398,274
4860,274
5013,274
5616,274
275,275
489,275
684,275
1881,275
3697,275
5138,275
5491,275
5657,275
5719,275
5876,275
6242,275
276,276
2277,276
3991,276
4401,276
4864,276
5016,276
5251,276
278,278
3532,278
5412,278
5768,278
279,279
1065,279
1100,279
5428,279
6253,279
6254,279
6255,279
280,280
281,280
1038,280
1304,280
1525,280
1730,280
1735,280
3313,280
5345,280
5347,280
5788,280
5805,280
4377,4377
282,282
283,283
3058,283
284,284
595,284
1467,284
3868,284
4427,284
5317,284
285,285
458,285
5757,285
286,286
287,287
288,288
627,288
2900,288
3476,288
3477,288
289,289
1836,289
1910,289
2885,289
4018,289
4465,289
5334,289
6420,289
290,290
2655,290
291,291
2653,291
3569,291
292,292
5254,292
293,293
392,293
2188,293
2436,293
2964,293
4965,293
295,295
2536,295
2745,295
5922,295
296,296
297,296
298,296
736,296
803,296
1306,296
1499,296
5064,296
5529,296
4393,4393
299,299
300,300
301,301
905,301
303,303
1827,303
304,304
5430,304
5476,304
305,305
306,306
307,307
308,308
1504,308
1652,308
1784,308
3162,308
5397,308
5420,308
309,309
311,311
3243,311
3921,311
312,312
313,313
1308,313
3671,313
5494,313
6032,313
314,314
1412,314
315,315
2005,315
5252,315
6181,315
316,316
317,316
5346,316
318,318
319,319
4375,4375
321,321
5568,321
322,322
323,323
1818,323
2422,323
2506,323
2731,323
3245,323
4045,323
5099,323
6072,323
6084,323
324,324
325,324
4421,4421
5751,4421
326,326
1230,326
1842,326
2244,326
327,327
329,327
330,327
5276,327
6170,327
328,328
1748,328
1762,328
2819,328
5622,328
331,331
704,331
969,331
1660,331
1715,331
2629,331
5694,331
332,332
851,332
4519,332
333,333
3770,333
334,334
2721,334
335,335
3493,335
336,336
337,337
1535,337
2548,337
4759,337
5613,337
338,338
339,339
340,340
991,340
2582,340
3055,340
3307,340
4197,340
5165,340
5583,340
6216,340
341,341
342,342
3948,342
4226,342
5076,342
5696,342
343,343
3993,343
4955,343
5759,343
5844,343
4441,4441
4978,4441
347,347
348,347
2112,347
2113,347
2114,347
2314,347
2379,347
2518,347
3466,347
3467,347
3938,347
5265,347
6387,347
4444,4444
4154,4154
4161,4154
6390,4154
351,351
1674,351
2020,351
3562,351
6250,351
353,353
633,353
895,353
1477,353
2831,353
2832,353
4623,353
4888,353
4972,353
5327,353
5403,353
5563,353
5965,353
354,354
355,355
356,356
584,356
357,357
358,358
3266,358
3394,358
360,360
361,361
362,362
764,362
1493,362
1983,362
3456,362
4525,362
363,363
1986,363
2927,363
5553,363
364,364
562,364
1424,364
4689,364
4730,364
5493,364
6131,364
366,366
4194,366
367,367
442,367
483,367
2487,367
2962,367
3278,367
5035,367
5217,367
5304,367
5683,367
6362,367
6435,367
368,368
4679,368
5765,368
369,369
370,370
2228,370
3767,370
4419,370
5492,370
371,371
6344,371
372,372
373,373
2916,373
375,375
3730,375
4472,4472
377,377
378,378
2245,378
4475,4475
380,380
381,381
3318,381
6413,381
4478,4478
5497,5497
5498,5497
385,385
553,385
608,385
642,385
1622,385
1849,385
2168,385
2600,385
2622,385
2652,385
2662,385
2847,385
3672,385
3864,385
4256,385
4453,385
5241,385
5410,385
6207,385
6224,385
6336,385
386,386
586,386
2342,386
3182,386
3248,386
4269,386
4523,386
5080,386
5784,386
6137,386
387,387
1026,387
1234,387
4312,387
4450,387
388,388
390,390
1105,390
391,391
1429,391
4844,4844
394,394
1781,394
2165,394
2517,394
4091,394
5604,394
5605,394
6349,394
395,395
398,395
1125,395
1365,395
4314,395
4315,395
4316,395
4317,395
4775,395
4876,395
396,396
397,396
3455,396
4544,396
4162,4162
4163,4162
399,399
400,399
1929,399
5131,399
401,401
5370,401
402,402
4499,4499
4500,4499
4105,4105
405,405
523,405
547,405
862,405
1129,405
1291,405
1348,405
2450,405
2551,405
2559,405
2729,405
3998,405
4290,405
4368,405
4399,405
4442,405
4862,405
5047,405
5296,405
5486,405
5717,405
5738,405
5875,405
6067,405
6302,405
6308,405
406,406
524,406
1350,406
1366,406
1893,406
2041,406
3751,406
3837,406
3890,406
3990,406
4291,406
4400,406
4455,406
5297,406
5312,406
5979,406
6303,406
407,407
1351,407
1894,407
408,408
2272,408
4046,408
6177,408
5545,5545
410,410
1343,410
2156,410
2196,410
2408,410
3969,410
5837,410
6311,410
411,411
1014,411
1420,411
2260,411
2424,411
2785,411
3354,411
4237,411
5880,411
413,413
414,414
415,414
416,414
417,414
4511,4511
4512,4512
4513,4513
5684,4513
418,418
5441,418
419,419
1551,419
420,420
907,420
1152,420
1423,420
2637,420
3431,420
5465,420
5665,420
421,421
476,421
422,422
567,422
2566,422
3500,422
423,423
424,424
1011,424
1062,424
1063,424
1224,424
1908,424
3015,424
3765,424
4318,424
4935,424
425,425
3642,425
4047,425
4934,425
5233,425
6147,425
426,426
5431,5431
5462,5431
428,428
2986,428
4492,428
429,429
430,430
2192,430
4847,430
6124,430
431,431
726,431
730,431
821,431
2750,431
5157,431
6156,431
432,432
2280,432
2643,432
3402,432
3570,432
4425,432
4738,432
4764,432
4824,432
5475,432
4168,4168
434,434
940,434
5811,434
4531,4531
436,436
990,436
2225,436
2974,436
4143,436
4699,436
6248,436
437,437
6262,437
438,438
1060,438
2902,438
3153,438
4137,438
439,439
1985,439
3616,439
4086,439
440,440
751,440
1834,440
1998,440
3736,440
4463,440
5997,440
441,441
2843,441
2844,441
2845,441
3026,441
3766,441
4582,441
5496,441
4538,4538
443,443
2080,443
2369,443
3030,443
4462,443
444,444
445,444
1375,444
4611,444
5754,444
4541,4541
446,446
2205,446
6093,446
447,447
1540,447
1866,447
1867,447
2034,447
3191,447
4019,447
5721,447
448,448
1019,448
4101,448
4528,448
5137,448
5239,448
5635,448
449,449
4546,4546
6481,4546
6483,4546
6484,4546
451,451
452,452
1698,452
453,453
454,454
2153,454
5025,454
455,455
1996,455
5077,455
5482,455
5881,5881
457,457
2983,457
3046,457
4150,457
4554,4554
459,459
1418,459
3170,459
3193,459
3649,459
3669,459
460,460
3377,460
461,461
6427,461
462,462
463,463
464,464
5667,464
465,465
466,466
467,467
468,468
469,469
4271,469
470,470
966,470
1095,470
1176,470
1222,470
471,471
819,471
832,471
968,471
1776,471
2166,471
2773,471
3923,471
4283,471
4476,471
5114,471
5968,471
472,472
474,474
4077,474
5713,474
5948,474
6007,474
6008,474
475,475
1009,475
1284,475
1927,475
2736,475
3050,475
3179,475
3708,475
3722,475
4284,475
4334,475
4437,475
5089,475
5191,475
6167,475
4970,4970
477,477
478,478
4575,4575
480,480
481,481
482,482
1360,482
2755,482
5618,482
5702,482
6001,482
6361,482
6392,482
4579,4579
484,484
1518,484
1566,484
1919,484
3812,484
485,485
622,485
1266,485
1825,485
2032,485
2913,485
3416,485
4636,485
5162,485
5261,485
6073,485
486,486
487,487
2478,487
4192,487
5793,487
488,488
4517,4517
490,490
696,490
2267,490
2383,490
2762,490
2827,490
2828,490
491,491
492,492
1295,492
3232,492
4002,492
5124,492
494,494
2481,494
3861,494
5860,494
4790,4790
497,497
499,499
1182,499
500,500
4597,4597
502,502
2641,502
2796,502
5293,502
5407,502
5660,502
6280,502
503,503
4600,4600
505,505
1265,505
2184,505
2728,505
3233,505
3544,505
3594,505
5874,505
4602,4602
507,507
1733,507
4626,507
5554,507
6082,507
508,508
509,509
510,510
511,511
512,512
556,512
872,512
1037,512
1693,512
3175,512
3227,512
3228,512
3814,512
3958,512
4065,512
4114,512
4270,512
4926,512
4944,512
5539,512
6091,512
6364,512
513,513
514,514
515,515
1235,515
1579,515
5158,515
5282,515
5780,515
6239,515
516,516
5692,516
517,517
965,517
1215,517
1659,517
1961,517
2019,517
5004,517
5536,517
518,518
520,520
521,521
522,522
875,522
5388,522
4619,4619
4109,4109
525,525
526,526
1233,526
2879,526
3607,526
4474,526
5797,526
6209,526
527,527
1878,527
4624,4624
529,529
531,531
532,532
2917,532
3554,532
5436,532
533,533
4630,4630
4185,4185
4352,4185
4850,4850
4851,4850
537,537
538,538
1368,538
1926,538
3785,538
5362,538
6002,538
539,539
540,540
2077,540
2751,540
2929,540
4883,540
541,541
542,542
543,543
1031,543
1438,543
4747,543
544,544
3059,544
545,545
2449,545
546,546
2633,546
548,548
1415,548
2239,548
2401,548
2545,548
2661,548
4806,548
5920,548
6243,548
6312,548
6368,548
549,549
551,549
3125,549
6386,549
6389,549
6391,549
550,550
4647,4647
552,552
1743,552
554,554
1357,554
2539,554
2598,554
2685,554
4102,554
4330,554
4432,554
5170,554
5474,554
5954,554
5962,554
5967,554
6094,554
5353,5353
5354,5353
557,557
6374,557
558,558
1307,558
1421,558
1542,558
1543,558
2769,558
559,559
1489,559
5747,559
6223,559
560,560
3715,560
3880,560
4587,560
561,561
1277,561
2930,561
3372,561
563,563
945,563
1259,563
564,564
2804,564
2988,564
3004,564
4183,564
565,565
1613,565
1629,565
2352,565
2808,565
5992,565
566,566
2097,566
5376,566
6198,566
568,568
569,569
571,571
572,572
573,573
574,573
575,573
4929,4929
5611,5611
576,576
3636,576
577,577
578,578
579,579
2174,579
3145,579
4564,579
580,580
581,580
1213,580
3166,580
582,582
2123,582
5506,582
583,583
5689,583
4111,4111
585,585
1653,585
1796,585
3157,585
3744,585
4104,585
5772,585
587,587
2374,587
588,588
663,588
589,589
645,589
1770,589
1771,589
3109,589
3695,589
3821,589
5166,589
590,590
1314,590
2201,590
2204,590
2310,590
2311,590
6112,590
6296,590
4687,4687
593,593
594,594
4692,4692
597,597
598,598
601,601
4082,601
4230,601
4815,601
6070,601
602,602
603,603
1416,603
2947,603
604,604
1241,604
5986,604
605,605
606,606
3053,606
3468,606
4147,606
5411,606
607,607
1393,607
2621,607
2870,607
3640,607
3714,607
5278,607
609,609
1509,609
610,610
1204,610
4765,610
5156,610
5912,610
611,611
918,611
2183,611
6419,611
6436,611
612,612
748,612
865,612
1722,612
1809,612
2043,612
2602,612
3364,612
3499,612
5527,612
613,613
1046,613
1643,613
1897,613
3139,613
3658,613
5218,613
615,615
2699,615
6447,615
616,616
3269,616
4124,616
5300,616
5862,616
617,617
717,617
2794,617
2858,617
2859,617
2860,617
4714,4714
4199,4199
620,620
621,621
1901,621
2738,621
4718,4718
623,623
624,624
2928,624
4595,624
5715,624
625,625
626,626
2833,626
5991,626
6013,626
629,629
687,629
2217,629
3106,629
5141,629
5315,629
5448,629
6143,629
6271,629
631,631
769,631
1250,631
2837,631
4044,631
4680,631
5678,631
5870,631
4729,4729
634,634
1610,634
3783,634
5567,634
635,635
636,636
848,636
1109,636
1339,636
2296,636
2427,636
3226,636
4347,636
4605,636
4681,636
4755,636
5835,636
4202,4202
639,639
4502,639
4503,639
4504,639
4505,639
4506,639
4736,4736
641,641
973,641
974,641
1863,641
1874,641
1911,641
2155,641
2490,641
2520,641
2642,641
3219,641
4515,641
4903,641
4968,641
5651,641
6152,641
6348,641
643,643
2722,643
2961,643
644,644
1115,644
3080,644
3326,644
4247,644
4338,644
4610,644
5173,644
4741,4741
646,646
1361,646
5477,5477
648,648
2543,648
649,649
854,649
3359,649
3360,649
3691,649
4661,649
5146,649
5540,649
5762,649
6141,649
6300,649
650,650
652,652
884,652
981,652
3592,652
3818,652
4938,652
5858,652
653,653
4130,653
5284,653
654,654
2899,654
4193,654
5511,654
655,655
4774,655
656,656
987,656
1672,656
2475,656
2575,656
3401,656
3728,656
3808,656
4126,656
5384,656
657,657
1201,657
2848,657
3138,657
6260,657
658,658
662,662
1514,662
2698,662
3095,662
6154,662
664,664
4719,664
5789,664
665,665
830,665
3496,665
3802,665
4418,665
667,667
4846,667
6252,667
668,668
900,668
1435,668
3550,668
3813,668
3885,668
669,669
670,670
5250,670
671,671
4768,4768
5240,4768
673,673
1378,673
3131,673
3280,673
3630,673
4780,673
674,674
675,674
844,674
4891,4891
676,676
1608,676
6071,676
677,677
758,677
678,678
1595,678
2717,678
3484,678
3522,678
5234,678
5846,678
5885,678
679,679
926,679
680,680
2179,680
3160,680
681,681
1644,681
2871,681
3721,681
3972,681
4215,681
4436,681
682,682
4825,682
683,683
3610,683
686,686
4783,4783
688,688
1905,688
2761,688
4923,688
690,690
691,690
692,690
4164,690
5348,690
4251,4251
693,693
779,693
780,693
781,693
1868,693
3255,693
3825,693
694,694
695,695
4195,695
697,697
6149,697
6150,697
698,698
1071,698
1353,698
1923,698
2108,698
2122,698
2276,698
2301,698
2318,698
2586,698
3418,698
3852,698
4477,698
4861,698
6174,698
4895,4895
700,700
701,700
3141,700
4115,4115
705,705
3385,705
706,706
707,707
3700,707
5322,707
708,708
709,709
2134,709
2873,709
3501,709
3516,709
710,710
711,711
2512,711
712,712
5461,712
6105,712
713,713
820,713
827,713
1380,713
2107,713
2373,713
2467,713
3674,713
3762,713
3899,713
4947,713
5323,713
6005,713
714,714
715,715
1471,715
2646,715
6175,715
716,716
1913,716
4646,716
5084,716
5861,716
5983,716
4813,4813
718,718
1326,718
4233,718
719,719
1960,719
720,720
5163,720
721,721
1048,721
1169,721
2425,721
3362,721
3627,721
3939,721
5897,721
5994,721
722,722
723,723
958,723
1121,723
1744,723
1803,723
2454,723
3365,723
4036,723
5633,723
724,724
2181,724
5748,724
6190,724
725,725
729,725
4480,725
6057,725
4822,4822
5153,4822
727,727
728,728
5216,728
731,731
1649,731
733,733
3834,733
734,734
2570,734
3368,734
735,735
1337,735
1513,735
1835,735
2295,735
2334,735
2533,735
3693,735
3910,735
5649,735
5773,735
737,737
807,737
808,737
6163,737
6164,737
738,738
739,739
4383,739
4642,4642
741,741
742,742
2270,742
5593,742
6266,742
743,743
1557,743
1995,743
3240,743
744,744
1101,744
2230,744
745,745
2093,745
2589,745
4629,745
4933,745
5744,745
5984,745
6030,745
6295,745
746,746
747,747
2564,747
4833,4833
749,749
853,749
1088,749
1873,749
2045,749
2046,749
3205,749
4353,749
4682,749
750,750
2263,750
752,752
2421,752
3393,752
3727,752
4231,752
5100,752
5161,752
5723,752
6045,752
753,753
1015,753
1164,753
1798,753
4313,753
754,754
1534,754
1822,754
2378,754
3103,754
3190,754
3589,754
3743,754
3884,754
4253,754
755,755
756,756
757,757
759,759
2558,759
5321,759
5830,759
5958,759
5959,759
760,760
1673,760
2173,760
2657,760
3483,760
4011,760
5120,760
5426,760
5824,760
761,761
762,762
763,763
3519,763
4963,763
765,765
766,766
767,767
4252,767
5760,767
6341,767
768,768
4865,4865
5502,4865
770,770
771,771
772,772
1352,772
5356,772
773,773
3706,773
6048,773
774,774
5825,774
775,775
1724,775
2157,775
2515,775
3819,775
4787,775
5253,775
6089,775
776,776
1832,776
2445,776
3010,776
4189,776
5951,776
6236,776
777,777
4874,4874
5495,4874
5591,5591
4098,4098
5289,4098
4254,4254
783,783
784,784
1144,784
1166,784
1516,784
1577,784
2981,784
4663,784
4664,784
4665,784
785,785
786,786
1294,786
2355,786
2714,786
3698,786
3704,786
787,787
1123,787
1124,787
1244,787
1411,787
1671,787
2338,787
2542,787
2942,787
3378,787
4794,787
788,788
5460,788
6104,788
789,789
5406,789
790,790
791,791
3549,791
793,793
5408,793
4118,4118
795,795
4800,4800
797,797
1370,797
1699,797
4494,797
799,799
1203,799
800,800
2936,800
2954,800
3459,800
4769,800
801,801
912,801
3172,801
3173,801
6278,801
804,804
805,805
1468,805
2951,805
3445,805
6394,805
806,806
4913,4913
4932,4913
5752,4913
809,809
3888,809
812,812
813,813
3148,813
814,814
2488,814
4667,814
815,815
816,816
4674,816
6256,816
817,817
1553,817
818,818
1181,818
4670,818
4916,4916
4917,4917
822,822
5455,822
5512,822
823,823
1081,823
6449,823
824,824
2658,824
825,825
826,826
829,829
1545,829
2349,829
2921,829
3291,829
5456,829
5457,829
5749,829
5907,829
833,833
2538,833
834,834
2576,834
4471,834
835,835
836,836
837,837
5532,837
838,838
3725,838
839,839
2528,839
3221,839
3892,839
4108,839
840,840
841,841
1143,841
1651,841
4973,841
5581,841
842,842
843,843
3523,843
4577,843
4940,4940
4943,4943
849,849
850,850
1102,850
3127,850
3128,850
3448,850
852,852
1134,852
2074,852
4710,852
5107,852
5439,852
5679,852
855,855
1085,855
1320,855
2298,855
2583,855
3056,855
5541,855
6304,855
856,856
4239,4239
860,860
1588,860
861,861
863,863
1450,863
866,866
867,867
3601,867
868,868
1576,868
2727,868
3602,868
4396,868
5625,868
6284,868
6301,868
869,869
870,870
1591,870
3494,870
3634,870
4099,870
4278,870
874,874
876,876
877,877
4658,877
4974,4974
879,879
880,880
1260,880
2390,880
881,881
5599,881
882,882
1104,882
883,883
2121,883
2807,883
5319,883
5766,883
5818,883
4981,4981
886,886
887,886
888,886
1943,886
5081,886
4983,4983
4152,4152
5790,4152
889,889
890,890
1837,890
3252,890
4381,890
4890,890
892,892
2725,892
3201,892
4927,892
5816,5816
6276,5816
894,894
5427,894
4991,4991
896,896
1253,896
2346,896
3599,896
3679,896
4249,896
4586,896
5995,896
897,897
2865,897
899,899
901,901
902,901
1106,901
6261,901
903,903
911,903
2056,903
904,904
2771,904
2955,904
3327,904
4355,904
5001,5001
906,906
908,908
2994,908
910,910
1002,910
1283,910
3761,910
5802,910
913,913
914,914
3446,914
915,915
3551,915
916,916
917,917
4031,917
5201,917
5014,5014
919,919
920,920
921,921
922,922
1658,922
2017,922
3512,922
923,923
3638,923
4709,923
5020,5020
5387,5020
925,925
1271,925
2006,925
927,927
928,928
930,930
1914,930
2368,930
2683,930
3403,930
4802,930
4928,930
4962,930
5291,930
5379,930
5454,930
5893,930
6272,930
931,931
932,931
933,931
934,931
5028,5028
4259,4259
5030,5030
935,935
1093,935
4359,935
5202,935
937,937
3800,937
938,938
939,939
5036,5036
5038,5036
941,941
5980,5980
5039,5039
944,944
1642,944
2734,944
4805,4805
947,947
1734,947
2999,947
4767,947
5643,947
948,948
1508,948
3763,948
4688,948
4792,948
949,949
2001,949
950,950
2547,950
6448,950
951,951
1717,951
2038,951
4489,951
952,952
2395,952
2396,952
3855,952
5172,952
5049,5049
954,954
6197,954
955,955
3208,955
4588,955
5310,955
5978,955
956,956
2208,956
2435,956
4186,956
4529,956
4678,956
5415,956
957,957
1225,957
1464,957
1465,957
2044,957
2376,957
2457,957
2620,957
5584,957
6116,957
5054,5054
959,959
2479,959
2578,959
960,960
1611,960
2359,960
3595,960
3686,960
5305,960
961,961
962,961
3381,961
963,963
1006,963
1264,963
2236,963
2862,963
3096,963
3628,963
4533,963
4618,963
964,964
3869,964
3952,964
4292,964
4456,964
4728,964
5061,5061
5063,5063
970,970
1188,970
1206,970
3188,970
3406,970
4563,970
5105,970
6108,970
971,971
972,972
4835,972
5069,5069
4274,4274
975,975
2209,975
5269,975
976,976
4059,976
977,977
978,978
979,979
980,979
3792,979
982,982
983,983
984,983
985,983
1162,983
1521,983
2474,983
5761,5761
6443,6443
986,986
4659,986
5083,5083
988,988
989,989
5854,989
4190,4190
4299,4190
5405,4190
5088,5088
993,993
3845,993
3926,993
994,994
996,996
997,997
999,999
5855,999
1000,1000
2765,1000
5671,1000
1003,1003
2522,1003
2713,1003
5199,1003
1004,1004
4685,1004
6297,1004
1005,1005
3859,1005
5103,5103
1008,1008
1010,1010
1056,1010
1341,1010
2036,1010
3262,1010
4740,1010
4971,1010
5249,1010
1013,1013
2513,1013
3386,1013
3479,1013
3853,1013
3965,1013
5389,1013
5390,1013
6384,1013
1017,1017
5244,5244
1020,1020
1034,1020
1857,1020
2521,1020
3380,1020
4390,1020
4391,1020
4906,1020
1021,1021
1022,1022
1023,1023
3475,1023
4133,1023
4134,1023
5270,1023
1024,1024
1025,1024
5121,5121
5123,5123
1028,1028
1029,1029
1030,1030
5127,5127
1032,1032
5938,1032
1033,1033
1476,1033
4392,1033
5287,1033
5819,1033
6059,1033
1035,1035
1270,1035
6246,1035
6318,1035
6320,1035
1036,1036
5490,5490
1040,1040
1522,1040
4360,1040
5514,1040
1042,1042
1044,1044
3779,1044
3878,1044
4776,1044
1045,1045
1892,1045
3066,1045
3889,1045
3949,1045
3994,1045
4481,1045
5110,1045
5294,1045
5602,1045
1049,1049
4763,1049
5416,1049
5841,1049
1050,1050
1051,1051
3657,1051
1053,1053
4742,1053
1054,1054
3411,1054
6251,1054
1058,1058
1243,1058
2146,1058
1061,1061
1870,1061
6453,6453
1064,1064
3954,1064
4369,1064
4431,1064
5659,1064
5742,1064
6212,1064
6426,1064
1066,1066
1067,1067
1069,1069
1070,1069
2941,1069
3021,1069
3028,1069
3032,1069
3037,1069
3098,1069
5834,1069
4957,4957
5168,5168
1073,1073
1075,1075
1076,1076
1077,1077
1602,1077
6316,1077
1078,1078
3673,1078
1079,1079
5176,5176
5177,5177
6298,5177
1082,1082
4959,4959
1084,1084
1319,1084
1086,1086
1087,1087
2069,1087
5280,1087
5184,5184
6454,5184
6462,5184
6466,5184
6476,5184
1089,1089
1090,1090
5187,5187
5901,5901
5189,5189
5190,5190
1096,1096
4702,1096
1098,1098
3510,1098
3701,1098
5055,1098
5056,1098
5058,1098
5966,1098
6171,1098
1099,1099
4265,1099
4344,1099
5198,5198
5733,5198
5734,5198
5735,5198
1103,1103
5200,5200
5399,5200
1107,1107
2404,1107
3422,1107
3566,1107
4257,1107
4495,1107
4879,1107
1108,1108
1456,1108
2901,1108
5450,1108
6106,1108
5205,5205
1110,1110
3611,1110
1111,1111
1112,1112
3316,1112
3317,1112
1113,1113
1114,1114
5211,5211
1117,1117
2945,1117
4020,1117
4113,1117
4468,1117
4543,1117
5237,1117
1118,1118
2199,1118
1119,1119
3862,1119
1120,1120
1559,1120
4448,1120
4695,1120
4949,1120
4950,1120
1122,1122
3527,1122
4129,4129
6184,4129
1126,1126
1127,1127
2040,1127
3950,1127
4366,1127
4395,1127
4726,1127
5002,1127
5467,1127
6306,1127
5224,5224
1130,1130
1292,1130
2560,1130
3497,1130
5469,1130
6309,1130
5227,5227
1132,1132
2222,1132
3414,1132
4960,1132
5932,1132
1133,1133
1846,1133
4996,1133
1136,1136
3541,1136
1137,1137
2363,1137
2568,1137
1138,1138
4021,1138
5235,5235
1140,1140
2063,1140
2809,1140
3311,1140
4583,1140
1141,1141
1142,1142
2282,1142
6202,1142
4948,4948
1145,1145
1146,1146
1147,1146
3212,1146
4181,4181
4182,4181
1148,1148
1168,1148
4501,1148
5057,1148
5193,1148
1149,1149
1150,1149
5246,5246
1153,1153
1154,1154
1155,1155
1156,1156
1157,1157
2432,1157
2946,1157
3660,1157
1158,1158
1737,1158
5012,1158
1159,1159
1807,1159
2033,1159
4912,1159
5377,1159
5672,1159
1160,1160
1839,1160
2537,1160
2782,1160
2802,1160
3249,1160
4039,1160
4460,1160
4461,1160
4557,1160
6395,1160
1161,1161
1163,1163
1742,1163
5729,1163
6182,1163
6183,1163
1165,1165
5262,5262
1167,1167
5264,5264
5656,5656
1170,1170
5222,1170
1171,1171
1174,1174
1175,1175
1847,1175
2126,1175
5034,1175
5272,5272
1177,1177
1178,1178
1179,1179
1229,1179
4838,1179
1183,1183
1843,1183
1964,1183
1185,1185
1279,1185
5673,1185
1186,1186
4029,1186
5601,1186
1187,1187
1189,1189
1991,1189
1190,1190
4842,1190
5698,1190
6004,1190
4966,4966
1192,1192
2054,1192
4748,1192
4749,1192
4937,1192
5271,1192
1193,1193
1195,1195
1196,1196
1197,1196
2096,1196
2852,1196
3187,1196
4322,1196
4325,1196
1199,1199
1200,1200
5178,1200
1202,1202
4786,1202
6196,1202
5299,5299
1205,1205
3204,1205
5226,1205
1207,1207
1208,1208
1447,1208
2834,1208
1209,1209
2284,1209
1210,1210
1212,1212
1214,1214
4132,4132
1216,1216
1217,1217
1889,1217
1218,1218
1219,1219
5832,1219
1221,1221
5087,5087
1223,1223
5466,1223
5546,1223
5320,5320
1226,1226
1682,1226
3460,1226
1227,1227
1228,1227
1231,1231
1369,1231
5973,1231
5999,1231
1232,1232
4345,4345
1236,1236
1238,1238
1710,1238
3054,1238
3775,1238
3963,1238
4293,1238
5996,1238
1239,1239
1980,1239
4721,1239
4880,1239
5361,1239
1240,1240
1810,1240
1811,1240
1902,1240
1242,1242
3276,1242
3289,1242
4205,1242
6351,6351
5340,5340
1246,1246
1247,1247
1503,1247
3795,1247
4881,1247
5192,1247
1248,1248
2281,1248
4165,1248
4308,1248
4750,1248
1249,1249
1251,1251
5349,5349
1254,1254
3016,1254
3022,1254
3027,1254
3033,1254
3867,1254
3957,1254
5179,1254
5433,1254
5435,1254
1255,1255
1256,1256
1859,1256
1860,1256
1861,1256
3108,1256
1257,1257
3641,1257
4042,1257
4146,1257
5197,1257
1258,1258
5355,5355
1261,1261
1262,1262
5382,5382
5634,5634
1267,1267
1268,1268
1944,1268
3962,1268
5220,1268
5292,1268
6281,1268
1269,1269
1433,1269
1609,1269
2200,1269
2678,1269
3366,1269
3473,1269
4025,1269
1272,1272
1273,1273
2746,1273
3625,1273
1274,1274
1275,1274
5674,5674
1278,1278
1483,1278
6357,6357
1282,1282
5675,5675
1285,1285
1452,1285
2654,1285
2915,1285
2980,1285
5603,1285
1286,1286
3563,1286
1287,1287
1288,1288
1689,1288
1937,1288
3410,1288
4723,1288
5391,5391
5394,5391
1296,1296
1297,1297
2853,1297
4615,1297
1299,1299
2726,1299
6283,1299
1300,1300
1301,1301
1462,1301
1802,1301
4061,1301
4952,1301
1302,1302
1454,1302
2505,1302
2617,1302
3841,1302
4092,1302
4482,1302
5990,1302
6159,1302
1303,1303
1305,1305
4817,4817
6213,6213
1309,1309
1310,1310
1670,1310
1838,1310
3301,1310
4005,1310
1311,1311
1312,1312
1313,1313
1315,1315
2388,1315
5889,1315
1316,1316
4295,1316
1317,1317
6414,1317
1318,1318
5363,5363
1321,1321
1322,1322
1624,1322
1323,1323
1780,1323
3086,1323
3481,1323
3666,1323
4135,1323
4451,1323
4459,1323
5225,1323
1324,1324
2700,1324
2864,1324
1325,1325
2013,1325
2491,1325
4870,1325
5610,1325
1327,1327
6237,1327
1328,1328
1329,1329
1332,1332
3591,1332
1333,1333
3089,1333
4041,1333
6240,1333
1334,1334
2767,1334
1335,1335
1336,1336
3115,1336
4228,4228
1340,1340
3338,1340
4409,4409
5571,4409
6133,4409
6211,4409
5685,5685
1344,1344
2145,1344
1346,1346
1592,1346
1772,1346
1883,1346
1918,1346
2026,1346
3389,1346
3784,1346
3980,1346
4534,1346
4612,1346
4690,1346
5339,1346
5666,1346
6098,1346
6109,1346
6377,1346
6410,1346
1347,1347
3918,1347
4125,1347
5444,5444
5785,5444
5839,5444
1349,1349
3886,1349
1354,1354
2131,1354
2292,1354
1356,1356
1829,1356
4521,1356
6319,6319
1358,1358
1359,1359
1362,1362
3882,1362
1363,1363
3396,1363
1364,1364
5006,5006
6078,5006
4819,4819
1367,1367
4324,4324
1372,1372
3200,1372
5690,5690
1374,1374
2086,1374
5884,1374
5471,5471
1376,1376
1377,1377
1668,1377
3444,1377
1379,1379
3943,1379
1381,1381
1382,1382
5503,1382
5726,1382
6330,1382
6332,1382
1383,1383
3250,1383
1384,1384
1430,1384
2000,1384
2053,1384
3731,1384
4198,1384
1385,1385
3323,1385
3927,1385
3931,1385
4246,1385
1386,1386
1387,1387
1388,1388
1389,1389
2409,1389
2412,1389
3112,1389
3542,1389
5767,1389
1390,1390
5693,5693
1392,1392
1974,1392
2091,1392
2106,1392
2345,1392
2581,1392
3181,1392
5337,1392
4328,4328
1394,1394
2784,1394
3545,1394
3847,1394
4273,1394
5479,1394
5558,1394
5708,1394
6138,1394
1395,1395
1637,1395
4954,1395
1396,1396
1482,1396
1397,1397
1398,1398
1399,1399
1400,1399
1640,1399
1401,1401
4433,1401
5283,1401
1402,1402
5499,5499
1404,1404
4914,1404
5031,1404
5067,1404
5341,1404
1405,1405
3292,1405
1406,1406
1407,1407
1408,1408
1409,1409
1410,1410
4796,1410
5859,1410
5508,5508
1413,1413
1414,1414
5260,1414
1417,1417
3423,1417
5515,5515
5516,5516
5518,5518
5519,5519
5520,5520
6440,5520
4821,4821
1427,1427
4238,1427
1428,1428
5525,5525
1431,1431
1432,1432
1741,1432
4335,4335
1436,1436
3192,1436
3558,1436
3587,1436
4907,1436
5864,1436
5018,5018
5534,5534
1439,1439
1440,1440
5537,5537
1442,1442
1767,1442
2022,1442
2976,1442
4121,1442
5008,1442
1445,1445
4337,4337
1448,1448
1567,1448
1449,1449
1451,1451
3374,1451
5548,5548
1453,1453
4980,1453
5740,1453
5927,1453
5550,5550
1455,1455
1457,1457
1979,1457
4033,1457
1458,1458
2332,1458
4643,1458
5555,5555
1460,1460
1461,1461
2897,1461
4201,1461
5422,1461
5423,1461
5598,1461
1463,1463
1523,1463
3085,1463
4631,1463
5560,5560
5561,5561
1466,1466
5564,5564
6373,5564
1469,1469
1470,1470
1563,1470
1473,1473
1474,1474
1982,1474
4732,1474
1475,1475
4342,4342
1480,1480
5580,5580
1485,1485
6011,6011
1487,1487
1488,1488
1871,1488
2541,1488
4297,1488
6125,1488
6381,1488
5585,5585
1490,1490
6334,1490
1491,1491
1492,1492
2366,1492
2944,1492
3782,1492
5135,1492
5589,5589
1494,1494
1495,1495
1774,1495
1496,1496
1497,1497
5594,5594
5595,5595
1500,1500
1501,1501
3042,1501
3629,1501
1502,1502
5712,5712
1506,1506
5606,5606
5607,5606
1511,1511
2645,1511
5351,1511
5638,1511
6087,1511
6371,1511
1512,1512
1515,1515
1517,1515
1623,1515
2733,1515
3171,1515
3304,1515
3341,1515
4518,1515
4349,4349
5865,4349
5617,5617
4829,4829
5619,5619
1524,1524
3048,1524
4350,4350
1526,1526
4537,1526
1527,1527
5438,1527
1529,1529
1531,1531
2943,1531
3340,1531
4279,1531
6129,1531
1532,1532
2571,1532
4034,1532
6428,1532
1533,1533
2469,1533
2920,1533
1536,1536
1895,1536
6018,1536
1537,1537
3564,1537
6119,1537
1538,1538
1539,1539
2094,1539
1541,1541
3707,1541
5188,1541
5639,5639
1544,1544
3297,1544
1546,1546
4735,1546
1548,1548
1549,1549
1550,1550
5647,5647
1552,1552
5556,1552
6160,6160
1554,1554
1555,1555
1556,1556
1558,1558
2037,1558
3895,1558
6370,1558
6396,1558
6397,1558
5655,5655
1560,1560
4900,1560
4901,1560
1561,1561
1562,1562
1564,1564
5722,5722
1568,1568
1569,1569
2878,1569
6006,1569
1571,1571
5946,1571
1572,1572
5669,5669
1574,1574
1575,1575
6441,1575
1578,1578
3154,1578
3687,1578
4117,1578
4260,1578
5523,5523
5526,5523
1580,1580
5677,5677
1582,1582
1583,1583
1584,1584
4840,1584
5463,5463
1586,1586
2251,1586
2972,1586
3295,1586
3390,1586
3555,1586
3849,1586
4158,1586
4159,1586
5392,1586
5395,1586
5473,1586
5801,1586
1587,1587
4975,4975
5826,4975
1589,1589
1590,1590
5687,5687
5688,5688
1593,1593
2402,1593
1594,1594
5691,5691
1597,1597
1598,1598
4323,1598
1600,1600
2133,1600
2593,1600
2665,1600
1601,1601
1603,1603
1604,1603
3908,1603
4686,1603
5044,1603
4145,4145
1606,1606
5703,5703
5266,5266
6265,5266
1612,1612
5710,5710
1615,1615
1616,1616
1617,1617
1618,1618
3639,1618
5731,5731
6028,5731
6299,5731
1620,1620
1957,1620
2708,1620
4580,1620
5484,1620
5500,1620
5528,1620
5668,1620
5758,1620
6126,1620
6249,1620
6430,1620
4703,4703
4705,4703
4707,4703
5718,5718
4282,4282
1625,1625
2434,1625
1626,1626
1627,1627
2998,1627
3964,1627
4006,1627
5102,1627
5325,1627
5838,1627
1628,1628
2309,1628
5544,1628
5725,5725
1630,1630
1632,1630
3692,1630
1631,1631
5919,5919
1634,1634
2052,1634
3373,1634
4261,1634
5705,1634
5706,1634
6140,1634
1635,1635
2604,1635
5122,1635
1638,1638
1639,1639
1708,1639
2935,1639
5736,5736
1641,1641
3839,1641
4081,1641
1645,1645
1647,1645
5101,1645
1646,1646
3760,1646
3960,1646
5043,5043
1648,1648
6185,1648
4371,4371
4470,4371
6195,4371
1654,1654
1655,1655
3533,1655
3534,1655
1656,1656
1657,1657
2016,1657
3023,1657
5755,5755
1661,1661
1662,1662
1663,1663
2304,1663
4637,1663
4638,1663
6135,1663
6176,1663
1664,1664
1665,1665
2509,1665
4488,1665
1666,1666
3234,1666
1667,1667
5764,5764
1669,1669
2039,1669
4420,4420
5769,5769
5770,5770
1675,1675
6267,1675
1677,1677
2354,1677
1678,1678
1679,1679
1680,1680
2405,1680
3400,1680
4428,1680
5957,1680
1681,1681
2906,1681
3711,1681
4924,1681
5778,5778
5779,5779
1684,1684
1685,1685
3732,1685
1686,1686
2530,1686
3663,1686
5783,5783
1688,1688
4302,1688
4892,1688
6055,1688
5060,5060
1690,1690
5953,1690
1692,1692
3357,1692
3588,1692
4641,1692
4378,4378
1694,1694
4148,4148
1696,1696
1697,1697
4379,4379
1700,1700
1701,1701
4779,1701
1702,1702
2540,1702
1703,1703
5873,1703
1704,1704
2024,1704
2090,1704
4331,1704
4332,1704
4333,1704
4572,1704
5318,1704
5642,1704
1705,1705
1706,1706
3560,1706
3561,1706
1707,1707
3843,1707
3844,1707
1709,1709
2909,1709
4507,1709
5808,1709
1711,1711
1713,1711
1712,1712
1714,1714
4382,4382
5542,4382
6335,4382
1718,1718
5815,5815
1720,1720
3612,1720
6023,1720
1721,1721
5820,5820
5066,5066
1726,1726
1727,1727
6380,1727
1728,1728
3508,1728
5905,1728
4384,4384
1732,1732
2672,1732
3619,1732
5418,1732
4385,4385
4386,4385
1736,1736
5833,5833
1738,1738
1739,1739
1740,1740
5943,1740
6314,1740
4286,4286
5840,5840
1745,1745
1879,1745
3013,1745
3794,1745
4212,1745
1746,1746
1747,1747
4559,4559
1753,1753
2763,1753
4549,1753
4551,1753
5626,1753
5627,1753
5917,1753
6222,1753
1754,1754
3068,1754
5372,1754
1756,1756
1759,1759
1760,1760
2266,1760
3094,1760
3893,1760
5288,1760
1761,1761
1763,1763
3376,1763
4666,1763
1764,1764
1765,1764
1766,1766
2350,1766
2987,1766
3935,1766
4070,1766
5661,1766
5073,5073
1768,1768
1769,1769
5378,5378
1773,1773
1775,1775
5612,1775
1777,1777
4535,4535
1782,1782
1783,1783
4877,1783
4151,4151
4153,4151
4160,4151
1786,1786
1787,1787
1788,1788
1789,1789
2836,1789
2996,1789
4594,1789
5908,1789
1790,1790
1791,1791
1792,1792
1793,1793
1795,1795
5117,1795
5892,5892
6258,5892
5894,5894
1799,1799
2175,1799
4945,4945
1801,1801
3924,1801
6327,1801
1805,1805
4607,1805
5903,5903
1808,1808
5763,5763
1812,1812
4050,1812
1813,1813
4216,1813
5910,5910
1815,1815
4272,1815
6127,1815
1817,1817
3740,1817
4110,1817
4112,1817
1820,1820
1823,1823
2143,1823
4592,1823
1824,1824
4080,1824
4211,1824
4593,1824
5924,1824
6095,1824
5921,5921
1826,1826
5923,5923
1828,1828
4754,1828
4762,1828
5925,5925
1830,1830
1833,1833
3953,1833
5931,5931
5085,5085
1840,1840
1841,1841
4403,4403
5941,5941
5942,5942
1848,1848
2327,1848
2681,1848
3540,1848
4422,1848
5095,1848
1851,1851
2826,1851
3346,1851
4380,1851
5949,5949
1854,1854
2391,1854
2818,1854
4807,1854
1855,1855
2647,1855
2663,1855
3609,1855
4073,1855
6346,1855
1856,1856
1858,1858
5082,1858
5771,5771
5956,5956
1862,1862
4223,1862
4304,1862
4875,1862
5745,1862
1864,1864
2937,1864
3387,1864
4542,1864
4781,1864
5458,1864
1869,1869
3645,1869
4613,1869
5662,1869
6399,1869
5245,5245
4408,4408
6210,4408
5970,5970
5971,5971
1876,1876
1877,1877
4405,4405
1880,1880
2007,1880
1882,1882
1884,1884
1885,1885
2330,1885
2978,1885
3174,1885
3265,1885
4407,1885
4889,1885
4969,1885
5402,1885
5681,1885
1887,1887
2499,1887
3134,1887
3347,1887
5164,1887
1888,1888
1890,1890
1891,1891
3903,1891
5989,5989
1898,1898
2850,1898
3110,1898
3158,1898
4227,1898
5993,1898
1899,1899
1900,1900
5850,5850
1903,1903
1906,1906
3006,1906
3196,1906
3982,1906
4918,1906
5026,1906
1907,1907
3848,1907
5181,1907
4414,4414
1912,1912
1915,1915
2546,1915
3840,1915
1917,1917
6015,6015
6407,6015
1920,1920
1921,1920
6191,1920
4416,4416
1922,1922
3937,1922
6019,6019
1924,1924
4043,1924
4100,1924
1925,1925
3355,1925
4417,4417
1928,1928
1930,1928
3457,1928
6026,6026
1932,1932
4119,1932
4429,1932
1933,1933
2300,1933
3012,1933
4793,1933
4795,1933
1934,1934
1935,1935
1938,1938
1939,1939
2317,1939
1940,1940
2838,1940
2841,1940
2993,1940
1941,1941
1942,1942
2704,1942
2814,1942
2991,1942
2992,1942
5041,1942
5871,1942
6289,1942
5823,5823
1945,1945
1946,1946
1947,1947
4886,1947
6065,1947
6288,1947
6044,6044
1949,1949
1950,1950
3883,1950
5579,1950
5704,1950
1951,1951
1952,1952
1953,1952
3613,1952
3748,1952
1954,1954
1955,1955
4734,1955
4791,1955
1956,1956
6470,6470
1958,1958
1959,1959
4566,4566
6058,6058
1963,1963
1965,1965
3556,1965
6062,6062
4839,4839
1968,1968
1969,1968
6203,6203
1970,1970
4552,1970
4553,1970
5413,1970
1972,1972
4449,1972
1973,1973
3815,1973
1976,1976
1977,1977
2820,1977
1978,1978
6088,1978
5791,5791
5842,5791
6076,6076
1981,1981
2580,1981
3324,1981
4757,1981
5629,1981
6385,1981
1984,1984
2443,1984
1987,1987
1988,1988
5796,5796
1990,1990
1992,1992
2472,1992
1994,1994
3124,1994
1997,1997
2002,2002
2817,2002
2003,2003
4632,2003
5019,2003
5228,2003
5644,2003
6343,2003
2004,2004
2480,2004
2743,2004
2849,2004
5621,2004
5623,2004
5624,2004
5648,2004
5836,2004
6101,6101
4993,4993
4994,4993
4995,4993
5023,4993
2008,2008
2009,2009
2010,2010
5483,2010
6107,6107
2014,2014
2356,2014
4245,2014
2015,2015
6113,6113
6114,6113
2018,2018
2021,2021
4596,4596
2023,2023
2720,2023
2025,2025
3573,2025
5799,5799
2028,2028
2029,2029
2030,2030
2031,2031
3995,2031
5800,5800
2035,2035
5118,5118
4487,4487
2042,2042
5119,5119
6142,6142
2047,2047
5879,2047
6144,6144
2049,2049
6186,2049
2050,2050
4232,2050
2051,2051
4438,4438
2055,2055
2057,2057
3256,2057
3258,2057
3259,2057
3261,2057
4810,2057
2058,2058
4076,2058
4869,2058
5981,2058
2059,2059
4209,2059
2060,2060
5654,2060
6047,2060
2061,2061
2062,2062
2290,2062
2291,2062
5851,2062
5551,5551
2064,2064
3833,2064
2066,2066
2068,2068
4706,4706
5330,4706
6053,4706
2071,2071
2072,2072
2073,2073
6405,2073
2075,2075
5097,2075
2076,2076
4363,2076
5143,2076
6217,2076
2078,2078
6444,2078
2079,2079
2444,2079
2082,2082
2083,2083
6180,6180
2085,2085
2830,2085
2087,2087
2386,2087
2482,2087
2088,2088
2089,2089
4951,2089
5062,2089
6188,6188
6189,6188
5810,5810
5813,5810
2095,2095
6193,6193
2098,2098
4170,2098
4258,2098
5029,2098
2099,2099
2453,2099
3827,2099
4423,2099
5737,2099
2100,2100
3075,2100
5328,2100
2101,2101
3676,2101
5524,5524
6201,6201
6429,6429
4447,4447
2109,2109
4175,2109
4524,2109
2110,2110
2111,2111
2285,2111
2446,2111
4773,2111
6208,6208
2115,2115
2117,2117
2118,2118
6215,6215
2120,2120
4435,4435
2124,2124
2125,2125
2257,2125
2127,2127
2128,2127
2129,2129
3571,2129
2130,2130
6227,6227
2132,2132
2135,2135
2365,2135
2605,2135
3239,2135
4910,2135
4919,2135
5033,2135
5208,2135
5256,2135
5257,2135
5451,2135
5452,2135
5543,2135
5552,2135
2136,2136
5582,2136
6233,6233
2138,2138
2139,2139
5000,5000
2141,2141
6238,6238
5136,5136
5812,5136
2147,2147
4008,2147
6069,2147
2148,2148
2149,2149
2151,2151
2154,2154
2158,2158
2207,2158
4285,2158
6321,2158
2161,2161
3434,2161
2162,2162
6040,2162
2163,2163
3369,2163
2164,2164
3370,2164
5152,2164
4982,4982
2167,2167
3107,2167
4348,2167
5891,2167
5140,5140
6226,5140
5682,5682
2171,2171
4853,2171
5939,2171
2172,2172
2550,2172
4329,4329
6270,6270
2176,2176
2178,2178
2912,2178
5632,2178
6275,6275
2180,2180
6277,6277
2182,2182
2306,2182
4514,2182
4777,2182
5180,2182
2187,2187
3769,2187
4128,2187
5195,2187
5314,2187
2189,2189
5380,2189
6179,2189
2190,2190
2191,2191
2193,2193
2194,2194
4167,2194
2195,2195
2339,2195
2876,2195
2877,2195
4218,4218
2198,2198
4028,2198
2202,2202
2203,2203
2206,2206
2471,2206
5620,2206
2211,2211
5086,2211
2212,2212
2215,2215
2216,2216
2218,2218
2219,2219
2220,2220
6120,2220
2221,2221
2223,2223
2774,2223
2224,2224
4724,2224
5650,2224
2226,2226
4263,2226
4402,2226
2227,2227
3260,2227
3846,2227
4235,2227
4837,2227
5132,2227
6324,6324
2229,2229
2247,2229
4280,2229
6437,2229
2231,2231
2232,2232
2233,2233
2234,2234
5882,2234
2235,2235
2237,2237
2238,2237
2241,2241
6041,2241
2242,2242
3798,2242
6379,2242
2243,2243
6340,6340
5803,5803
2246,2246
2248,2248
2249,2249
2254,2249
4236,2249
4654,2249
5985,2249
6359,2249
2250,2250
4655,2250
4656,2250
5472,2250
2252,2252
2253,2252
2255,2255
6016,6016
2258,2258
2326,2258
2990,2258
4244,2258
5809,2258
5914,2258
6173,2258
2259,2259
6356,6356
2261,2261
2262,2262
4172,2262
6117,2262
4473,4473
2264,2264
2265,2265
4816,2265
5210,2265
5449,2265
4849,4849
2268,2268
2269,2269
3029,2269
3979,2269
5075,2269
4925,4925
2271,2271
2569,2271
3065,2271
4052,2271
5915,2271
6369,6369
2274,2274
4224,2274
2275,2275
2926,2275
6372,6372
2278,2278
2279,2279
6383,6383
6378,6378
2283,2283
3654,2283
3860,2283
3871,2283
2286,2286
3236,2286
3443,2286
4648,2286
4649,2286
4834,2286
4958,2286
2287,2287
2288,2288
3044,2288
3161,2288
5175,2288
6423,2288
2289,2289
3598,2289
4469,2289
5843,5843
5259,5259
2293,2293
2294,2293
2510,2293
2297,2297
2299,2299
4296,2299
6064,2299
6214,6214
5213,5213
2303,2303
3617,2303
5878,2303
6293,2303
6400,6400
2305,2305
2307,2307
2308,2308
6406,6406
4722,4722
5329,4722
2312,2312
2313,2313
5513,5513
2316,2316
6415,6415
2320,2320
3780,2320
5065,2320
6450,2320
4578,4578
2322,2322
4483,4483
2325,2325
6422,6422
5849,5849
6291,5849
2328,2328
6206,2328
2329,2329
2977,2329
4486,2329
5400,2329
5680,2329
4789,4789
2331,2331
2333,2333
2336,2336
5130,2336
5628,2336
2337,2337
3928,2337
5489,2337
2341,2341
5169,5169
5972,5169
2344,2344
3764,2344
6442,6442
2347,2347
2348,2348
2351,2351
3789,2351
4617,2351
2353,2353
5037,2353
5040,2353
5042,2353
2357,2357
6456,6456
6480,6456
2361,2361
2362,2362
4571,4571
2364,2364
5174,2364
2367,2367
5215,2367
5856,5856
2370,2370
3399,2370
4818,2370
2371,2371
2372,2372
4307,4307
2375,2375
3575,2375
4510,2375
2377,2377
2610,2377
5154,2377
2380,2380
2381,2381
2382,2382
2627,2382
2898,2382
3264,2382
3274,2382
3520,2382
4069,2382
5686,2382
6438,2382
4493,4493
5212,4493
2384,2384
2385,2385
6482,6482
6485,6482
6486,6482
2387,2387
6046,2387
5535,5535
5167,5167
2394,2394
2397,2397
4289,2397
2398,2398
2400,2400
4234,4234
2403,2403
3774,2403
4262,2403
4413,2403
4527,2403
2407,2407
4797,2407
6354,6354
2411,2411
2413,2413
2414,2414
2415,2415
2416,2416
2417,2417
4737,2417
4985,2417
5872,2417
2420,2420
5676,2420
5182,5182
4445,4445
2423,2423
2426,2426
2476,2426
5295,2426
5786,2426
5899,2426
6099,6099
2429,2429
3877,2429
4946,2429
6169,2429
2430,2430
3956,2430
3986,2430
2431,2431
5371,2431
5507,2431
6287,2431
2433,2433
3568,2433
2437,2437
2438,2438
2439,2439
5701,2439
2440,2440
5007,2440
2441,2441
5186,5186
5481,5186
5531,5186
4173,4173
4855,4855
2455,2455
2456,2456
2458,2458
2459,2459
2460,2459
2461,2461
2462,2462
2463,2462
2464,2462
2854,2462
2855,2462
2466,2466
2468,2468
3159,2468
3690,2468
4309,2468
5053,2468
5794,2468
2470,2470
5724,2470
2473,2473
5090,5090
2477,2477
6244,2477
4509,4509
2483,2483
2880,2483
3511,2483
5206,2483
6145,2483
2484,2484
2485,2485
2486,2486
5530,2486
6317,2486
2492,2492
2494,2494
2813,2494
2495,2495
2496,2496
2497,2497
2498,2498
2501,2501
2502,2502
2503,2502
4843,4843
2504,2504
6329,6329
6331,6329
6221,6221
6263,6221
2511,2511
4358,2511
4920,2511
2514,2514
2516,2516
2519,2519
2523,2523
2524,2524
2525,2525
2526,2526
2676,2526
4093,2526
2527,2527
5521,2527
5522,2527
6081,2527
6358,6358
2529,2529
2950,2529
4049,2529
4067,2529
5614,2529
2531,2531
2532,2532
2534,2534
5573,2534
2535,2535
4176,4176
5750,4176
4520,4520
5336,5336
5203,5203
2549,2549
2553,2553
2997,2553
5887,5887
4856,4856
2557,2557
2650,2557
3805,2557
4650,2557
5716,2557
2561,2561
6315,2561
2563,2563
2565,2565
4177,4177
4569,4177
2567,2567
2577,2577
2579,2579
6157,2579
6158,2579
4526,4526
5209,5209
4136,4136
2587,2587
2588,2588
6229,2588
2590,2590
5027,2590
2594,2594
2595,2595
2596,2595
2597,2597
2599,2599
2783,2599
4691,2599
5831,2599
2601,2601
5895,5895
4530,4530
2606,2606
3339,2606
5230,2606
2607,2607
2839,2607
2608,2608
2609,2609
2611,2611
2612,2612
4902,2612
5108,2612
2613,2613
3662,2613
4188,2613
4589,2613
4997,4997
2618,2618
2619,2619
2623,2623
2624,2624
2628,2628
2709,2628
2749,2628
5608,2628
2634,2634
2635,2635
2638,2638
5109,2638
2639,2639
2640,2640
5869,2640
4536,4536
2644,2644
3635,2644
6155,6155
2648,2648
5480,5480
6219,5480
5221,5221
5510,5510
2659,2659
5817,5817
2666,2666
2667,2667
4072,2667
2668,2668
2669,2669
3806,2669
2670,2670
6003,2670
6012,2670
6353,2670
2671,2671
2673,2673
2675,2675
3553,2675
3786,2675
5309,2675
4999,4999
5116,4999
2677,2677
2907,2677
3482,2677
6363,6363
2679,2679
3309,2679
3874,2679
2680,2680
3430,2680
4007,2680
5566,2680
5697,2680
2684,2684
3041,2684
5204,2684
6090,2684
6326,2684
2686,2686
4103,2686
2687,2687
2688,2688
4799,2688
2689,2689
5021,2689
6402,2689
2690,2690
2692,2692
6025,2692
2693,2693
4550,2693
5308,2693
2697,2697
5279,5279
2701,2701
5134,2701
2702,2702
2705,2705
2706,2706
5977,2706
4547,4547
2711,2711
3702,2711
5160,2711
6328,2711
2712,2712
5955,5955
2715,2715
2716,2716
2718,2718
2719,2719
5888,2719
4668,4668
6401,6401
2732,2732
2735,2735
2737,2735
2741,2735
6365,6365
2742,2742
3062,2742
2747,2747
2803,2747
4180,2747
2748,2748
5547,5547
2752,2752
5781,2752
2753,2753
2754,2754
2985,2754
3002,2754
3074,2754
5777,2754
4555,4555
2756,2756
3225,2756
5533,2756
2757,2757
2760,2760
4556,4556
2764,2764
3097,2764
2766,2766
2768,2768
6074,6074
2772,2772
2775,2775
4184,4184
2777,2777
4866,4866
2779,2779
5774,5774
2781,2781
3312,2781
3881,2781
5111,2781
5171,2781
4457,4457
2786,2786
2787,2787
2788,2787
5148,2787
2789,2789
4221,2789
2790,2790
2791,2791
2792,2792
2953,2792
3303,2792
4713,2792
5950,2792
6118,2792
2793,2793
2795,2795
3305,2795
4341,2795
4446,2795
6020,2795
6103,2795
6367,6367
6398,6367
2799,2799
2800,2800
2806,2806
4867,4867
5549,5549
6231,6231
2811,2811
2812,2812
2815,2815
3132,2815
2816,2816
4731,4731
5401,4731
2821,2821
2905,2821
3535,2821
5641,2821
5714,2821
5807,2821
2822,2822
3875,2822
2824,2824
2825,2825
5302,2825
4567,4567
5185,4567
2829,2829
5437,2829
5538,5538
2835,2835
4956,2835
5248,2835
2842,2842
4894,2842
6273,2842
5935,5935
4570,4570
5936,5936
2851,2851
5937,5937
6325,5937
2856,2856
5267,2856
5896,2856
2861,2861
2863,2863
5032,2863
5557,2863
5940,2863
2866,2866
2867,2867
2868,2868
2869,2869
5911,5911
2872,2872
2874,2874
2875,2875
4539,2875
4540,2875
4733,4733
2881,2881
2882,2882
2883,2883
2884,2884
3244,2884
3872,2884
2886,2886
2887,2886
2888,2886
2889,2886
3281,2886
4608,2886
4831,4831
2891,2891
2892,2892
2893,2893
2894,2894
3302,2894
4653,2894
6418,2894
2895,2895
5011,5011
2903,2903
5263,5263
2908,2908
2910,2910
2911,2911
2914,2914
5947,5947
6433,5947
2918,2918
2919,2919
3392,2919
2922,2922
2924,2924
2925,2925
3270,2925
4584,4584
5219,4584
5223,4584
6172,4584
2931,2931
2932,2932
3253,2932
3992,2932
5753,2932
2933,2933
5313,2933
2934,2934
6347,2934
4585,4585
4782,4585
6457,6457
6468,6457
2940,2940
3405,2940
4930,2940
5982,2940
5072,5072
5952,5952
2948,2948
4078,2948
2949,2949
3718,2949
4599,4599
2952,2952
2956,2956
2957,2957
2958,2958
2959,2959
3135,2959
4155,2959
4704,2959
5306,2959
5732,2959
6166,2959
2960,2960
2963,2963
5071,2963
2965,2965
3057,2965
4992,2965
2967,2967
2968,2968
6282,2968
6285,2968
2969,2969
4394,2969
2970,2970
6192,2970
2971,2971
5274,5274
4275,4275
5741,5741
2979,2979
5238,5238
2982,2982
2989,2989
4484,2989
5960,5960
2995,2995
4848,4848
3000,3000
5928,3000
5934,3000
6431,3000
3001,3001
3003,3003
3005,3005
5010,5010
3007,3007
4490,3007
3008,3008
3011,3011
3791,3011
3857,3011
4464,3011
4598,4598
3014,3014
5281,5281
3017,3017
3018,3018
4491,3018
3019,3019
3020,3020
4439,4439
3024,3024
3025,3025
5350,3025
3031,3031
3034,3034
3035,3035
3036,3036
6294,6294
3038,3038
3040,3040
3043,3043
3045,3045
3049,3049
3051,3051
5128,3051
5974,3051
3060,3060
3330,3060
4998,3060
3063,3063
3064,3064
4412,3064
3067,3067
3817,3067
6409,3067
3070,3070
3071,3071
3977,3071
5600,3071
6445,3071
3073,3073
3077,3077
3126,3077
3078,3078
4187,3078
3079,3079
4827,3079
6178,3079
3083,3083
3746,3083
3747,3083
4141,4141
6458,6458
6477,6458
3087,3087
3090,3090
3092,3092
3093,3092
3099,3099
3102,3099
3101,3101
5046,5046
5286,5286
3104,3104
3217,3104
3105,3105
5559,5559
3113,3113
3117,3117
3118,3118
3119,3119
5115,3119
3120,3120
3771,3120
3122,3122
3123,3123
3130,3130
4243,3130
5301,5301
3136,3136
3137,3137
4878,4878
3140,3140
4673,3140
3142,3142
3143,3143
6322,6322
3147,3147
3631,3147
3149,3149
3150,3150
5331,3150
3156,3156
4622,4622
3163,3163
3164,3164
4365,3164
3165,3165
3167,3167
3168,3168
6010,3168
3169,3169
4156,3169
5243,3169
5828,3169
4625,4625
3177,3177
4374,4374
3184,3184
3185,3185
3488,3185
3517,3185
3828,3185
4048,3185
4565,3185
5338,3185
3186,3186
3189,3189
6218,6218
3194,3194
3936,3194
4820,3194
3195,3195
3197,3197
4814,3197
3198,3198
4522,4522
6132,4522
3202,3202
4356,3202
3203,3203
5126,3203
3206,3206
3207,3207
3209,3209
3210,3210
3211,3211
3213,3213
3216,3216
3218,3218
3220,3220
4603,3220
5998,5998
4604,4604
4711,4604
3223,3223
3224,3223
4411,4411
3229,3229
3230,3230
3231,3231
4240,3231
5504,3231
6235,3231
3237,3237
4614,3237
5078,3237
3238,3238
3247,3247
3251,3251
4628,3251
5883,3251
3254,3254
3257,3257
4882,4882
5303,4882
4639,4639
4809,4639
6033,4639
3263,3263
4191,3263
4336,3263
4640,4640
5804,4640
3267,3267
3268,3268
4746,4746
3271,3271
3272,3272
3273,3273
3275,3275
4941,3275
5324,3275
3277,3277
5562,3277
3279,3279
3282,3282
5501,3282
3284,3284
3285,3285
3286,3285
3287,3287
4644,4644
6247,6247
3293,3293
3294,3294
4645,4645
4967,4645
6077,4645
6151,4645
3296,3296
3298,3298
3299,3299
4568,3299
4942,3299
4576,4576
3306,3306
3863,3306
6009,3306
3308,3308
3646,3308
3314,3314
3315,3315
3319,3319
5290,3319
3320,3320
5247,3320
3321,3321
3322,3321
5015,3321
3325,3325
3328,3328
3329,3329
3331,3331
3332,3332
3333,3333
3334,3334
5159,3334
3335,3335
3336,3336
3441,3336
3337,3337
5092,3337
5335,5335
3342,3342
3343,3343
3344,3344
5307,3344
5311,3344
3345,3345
3348,3348
3349,3349
5505,5505
3351,3351
3352,3352
5631,3352
3356,3356
3454,3356
5576,3356
6021,6021
3361,3361
3363,3363
3367,3367
6029,6029
3371,3371
3801,3371
4250,3371
6097,3371
6139,3371
3375,3375
6024,6024
3379,3379
4397,3379
5904,3379
5342,5342
3383,3383
3720,3383
4660,3383
3384,3384
6337,6337
5344,5344
3395,3395
4662,4662
4196,4196
3407,3407
3409,3409
5569,5569
3412,3412
3415,3415
3419,3419
3420,3420
3421,3421
3424,3424
3425,3425
3426,3425
3427,3425
3432,3432
3433,3433
3436,3436
6034,6034
4669,4669
6225,4669
3440,3440
5574,3440
5352,5352
5358,5352
5360,5352
3442,3442
4206,3442
6035,6035
3447,3447
3450,3450
3451,3450
5969,3450
3453,3453
6037,6037
3461,3461
3831,3461
3462,3462
5298,5298
3464,3464
4389,3464
4905,3464
5093,3464
6080,3464
6092,3464
3465,3465
6039,6039
3469,3469
3470,3470
5357,5357
5359,5357
3474,3474
4675,4675
4676,4675
4677,4675
5277,4675
3478,3478
3480,3480
3485,3480
3486,3480
6042,6042
3487,3487
3489,3489
3490,3490
4208,4208
3502,3502
3503,3503
3504,3504
3506,3506
3507,3507
3509,3509
3514,3514
5852,3514
3515,3515
3518,3518
5409,3518
3521,3521
4683,4683
3524,3524
4327,3524
3525,3525
5964,3525
3526,3526
3528,3528
3529,3529
5144,3529
3530,3530
3531,3531
6259,3531
4306,4306
3536,3536
5368,5368
3538,3538
3539,3539
5070,3539
4497,4497
3543,3543
3804,3543
6153,6153
6052,6052
3546,3546
3778,3546
3547,3547
3548,3548
4311,3548
5670,5670
5051,5051
3552,3552
3557,3557
3559,3559
3565,3565
6056,6056
3572,3572
5374,5374
3574,3574
3576,3576
3579,3579
5918,3579
3580,3580
4657,3580
3581,3581
3582,3582
3583,3583
4030,3583
4479,3583
3584,3584
4516,3584
3585,3585
3586,3585
4893,4893
3590,3590
6257,6257
3597,3597
4852,4852
3600,3600
6121,6121
3606,3606
3608,3608
6465,6465
6479,6465
6063,6063
6338,6338
5381,5381
3618,3618
3621,3621
3622,3622
5592,3622
3623,3623
4868,3623
3624,3624
4700,4700
4909,4700
3626,3626
3632,3632
3633,3633
5125,5125
5868,5125
6376,5125
3637,3637
3643,3643
3647,3647
6305,3647
3648,3648
3650,3650
4708,3650
3651,3651
4415,3651
3653,3653
3656,3656
3661,3661
3664,3664
3665,3665
6355,3665
3670,3670
3675,3675
3677,3677
4896,4896
3680,3680
3683,3683
3684,3684
3685,3685
5393,5393
6292,5393
3688,3688
3689,3689
4760,4760
4498,4498
3694,3694
4174,3694
4351,4351
5005,4351
6162,6162
3703,3703
4458,3703
5396,5396
4897,4897
3710,3710
3712,3712
5776,3712
3713,3713
4715,4715
3716,3716
3717,3717
3719,3719
3723,3723
3724,3724
3726,3726
6079,3726
4717,4717
3729,3729
6083,6083
3733,3733
3734,3734
4939,3734
3735,3735
3737,3737
3738,3738
3739,3739
3742,3742
3745,3745
5695,3745
3749,3749
5373,3749
3756,3756
3757,3757
4217,4217
3768,3768
3773,3773
6279,3773
3777,3777
3781,3781
3790,3790
3793,3793
5275,5275
3796,3796
3797,3797
5147,3797
5149,3797
5150,3797
5155,3797
3799,3799
4936,3799
3803,3803
3816,3803
4784,4784
3807,3807
5699,5699
3809,3809
3810,3810
3811,3811
5414,5414
4908,4908
3820,3820
3822,3822
3823,3823
3824,3824
6200,6200
4219,4219
3829,3829
3830,3830
5853,3830
5933,3830
5417,5417
3832,3832
6100,6100
3835,3835
3836,3836
5485,3836
3838,3838
3842,3842
5867,3842
5419,5419
6102,6102
3850,3850
3851,3851
3856,3856
3858,3858
4376,3858
4739,4739
5398,4739
6043,4739
3865,3865
3866,3866
4581,4581
3870,3870
4281,4281
3876,3876
5425,5425
6403,6403
5597,5597
3887,3887
4744,4744
5106,5106
3894,3894
4083,3894
4745,4745
3897,3897
3898,3897
3900,3900
4574,3900
5196,3900
3901,3901
5429,5429
3905,3905
3909,3909
4830,3909
6404,6404
3911,3911
4203,3911
5821,3911
5822,3911
3913,3913
3914,3914
3915,3915
5890,3915
3916,3916
3917,3917
5586,5586
6268,6268
3922,3922
3929,3929
6339,6339
4751,4751
3933,3933
5446,3933
5775,3933
3934,3934
4859,3934
5194,3934
3940,3940
3942,3942
4753,4753
3944,3944
3945,3945
3946,3946
3947,3947
5587,5587
3959,3959
6323,6323
3967,3967
3968,3968
5440,5440
3970,3970
6123,6123
6412,6123
3973,3973
3974,3974
3976,3976
3978,3978
5588,5588
3981,3981
6161,3981
6165,3981
3983,3983
3984,3984
3985,3985
4591,3985
4976,3985
5443,5443
3988,3988
5332,5332
4761,4761
6290,6290
3996,3996
3997,3997
5383,3997
3999,3999
4652,3999
4225,4225
4009,4009
6130,4009
4012,4012
4014,4014
4266,4014
4361,4014
4016,4016
4131,4016
5609,4016
5637,4016
4017,4017
4424,4017
4766,4766
4023,4023
4024,4024
5375,4024
4027,4027
6408,6408
4032,4032
4964,4964
4035,4035
4532,4035
5365,4035
4037,4037
4038,4038
4804,4804
6421,6421
4770,4770
4771,4770
5863,5863
4051,4051
4054,4054
6110,4054
4055,4055
4056,4056
4772,4772
6230,4772
5727,5727
5728,5727
5730,5727
4062,4062
4063,4063
4064,4064
4255,4255
4066,4066
4362,4066
5975,4066
4075,4075
4079,4079
5459,5459
4085,4085
4087,4087
4088,4087
4090,4087
4089,4089
4778,4778
4094,4094
4157,4157
